date,order_count,event_weight
2017-01-05,32,0
2017-01-06,4,0
2017-01-07,4,0
2017-01-08,4,0
2017-01-09,5,0
2017-01-10,6,0
2017-01-11,10,0
2017-01-12,12,0
2017-01-13,10,0
2017-01-14,16,0
2017-01-15,14,0
2017-01-16,18,0
2017-01-17,32,0
2017-01-18,30,0
2017-01-19,29,0
2017-01-20,28,0
2017-01-21,22,0
2017-01-22,30,0
2017-01-23,36,0
2017-01-24,38,0
2017-01-25,57,0
2017-01-26,82,0
2017-01-27,59,0
2017-01-28,28,0
2017-01-29,32,0
2017-01-30,48,0
2017-01-31,64,0
2017-02-01,61,0
2017-02-02,67,0
2017-02-03,54,0
2017-02-04,64,0
2017-02-05,74,0
2017-02-06,78,0
2017-02-07,108,0
2017-02-08,83,0
2017-02-09,73,0
2017-02-10,63,0
2017-02-11,45,0
2017-02-12,61,0
2017-02-13,74,0
2017-02-14,66,0
2017-02-15,56,0
2017-02-16,49,0
2017-02-17,45,0
2017-02-18,52,0
2017-02-19,37,0
2017-02-20,59,0
2017-02-21,39,0
2017-02-22,53,0
2017-02-23,57,0
2017-02-24,60,0
2017-02-25,39,0
2017-02-26,42,0
2017-02-27,41,1
2017-02-28,53,1
2017-03-01,93,0
2017-03-02,66,0
2017-03-03,72,0
2017-03-04,69,0
2017-03-05,67,0
2017-03-06,94,0
2017-03-07,78,0
2017-03-08,73,0
2017-03-09,88,0
2017-03-10,84,0
2017-03-11,68,0
2017-03-12,63,0
2017-03-13,104,0
2017-03-14,95,0
2017-03-15,101,0
2017-03-16,100,0
2017-03-17,64,0
2017-03-18,71,0
2017-03-19,56,0
2017-03-20,113,0
2017-03-21,92,0
2017-03-22,104,0
2017-03-23,105,0
2017-03-24,75,0
2017-03-25,72,0
2017-03-26,63,0
2017-03-27,107,0
2017-03-28,96,0
2017-03-29,72,0
2017-03-30,72,0
2017-03-31,69,0
2017-04-01,66,0
2017-04-02,64,0
2017-04-03,68,0
2017-04-04,96,0
2017-04-05,93,0
2017-04-06,92,0
2017-04-07,82,0
2017-04-08,64,0
2017-04-09,68,0
2017-04-10,84,0
2017-04-11,73,0
2017-04-12,61,0
2017-04-13,60,0
2017-04-14,47,1
2017-04-15,49,0
2017-04-16,47,1
2017-04-17,58,0
2017-04-18,71,0
2017-04-19,93,0
2017-04-20,91,0
2017-04-21,66,1
2017-04-22,82,0
2017-04-23,84,0
2017-04-24,110,0
2017-04-25,106,0
2017-04-26,122,0
2017-04-27,75,0
2017-04-28,95,0
2017-04-29,70,0
2017-04-30,66,0
2017-05-01,111,1
2017-05-02,122,0
2017-05-03,101,0
2017-05-04,107,0
2017-05-05,104,0
2017-05-06,103,0
2017-05-07,102,0
2017-05-08,120,0
2017-05-09,120,0
2017-05-10,109,0
2017-05-11,124,0
2017-05-12,105,0
2017-05-13,67,0
2017-05-14,108,1
2017-05-15,149,0
2017-05-16,149,0
2017-05-17,139,0
2017-05-18,124,0
2017-05-19,140,0
2017-05-20,70,0
2017-05-21,145,0
2017-05-22,145,0
2017-05-23,120,0
2017-05-24,140,0
2017-05-25,103,0
2017-05-26,77,0
2017-05-27,77,0
2017-05-28,98,0
2017-05-29,151,0
2017-05-30,98,0
2017-05-31,118,0
2017-06-01,123,0
2017-06-02,123,0
2017-06-03,88,0
2017-06-04,99,0
2017-06-05,142,0
2017-06-06,128,0
2017-06-07,122,0
2017-06-08,134,0
2017-06-09,105,0
2017-06-10,72,0
2017-06-11,111,0
2017-06-12,121,1
2017-06-13,121,0
2017-06-14,128,0
2017-06-15,103,1
2017-06-16,94,0
2017-06-17,72,0
2017-06-18,87,0
2017-06-19,152,0
2017-06-20,90,0
2017-06-21,34,0
2017-06-22,83,0
2017-06-23,103,0
2017-06-24,74,0
2017-06-25,99,0
2017-06-26,67,0
2017-06-27,140,0
2017-06-28,117,0
2017-06-29,110,0
2017-06-30,93,0
2017-07-01,77,0
2017-07-02,102,0
2017-07-03,111,0
2017-07-04,120,0
2017-07-05,138,0
2017-07-06,140,0
2017-07-07,114,0
2017-07-08,83,0
2017-07-09,88,1
2017-07-10,140,0
2017-07-11,158,0
2017-07-12,145,0
2017-07-13,131,0
2017-07-14,148,0
2017-07-15,97,0
2017-07-16,107,0
2017-07-17,162,0
2017-07-18,188,0
2017-07-19,148,0
2017-07-20,139,0
2017-07-21,112,0
2017-07-22,87,0
2017-07-23,101,0
2017-07-24,157,0
2017-07-25,145,0
2017-07-26,117,0
2017-07-27,121,0
2017-07-28,130,0
2017-07-29,109,0
2017-07-30,114,0
2017-07-31,143,0
2017-08-01,161,0
2017-08-02,149,0
2017-08-03,144,0
2017-08-04,139,0
2017-08-05,113,0
2017-08-06,105,0
2017-08-07,157,0
2017-08-08,146,0
2017-08-09,140,0
2017-08-10,154,0
2017-08-11,133,0
2017-08-12,91,0
2017-08-13,90,0
2017-08-14,153,0
2017-08-15,186,0
2017-08-16,166,0
2017-08-17,153,0
2017-08-18,141,0
2017-08-19,106,0
2017-08-20,103,0
2017-08-21,172,0
2017-08-22,135,0
2017-08-23,111,0
2017-08-24,123,0
2017-08-25,117,0
2017-08-26,89,0
2017-08-27,115,0
2017-08-28,150,0
2017-08-29,135,0
2017-08-30,173,0
2017-08-31,143,0
2017-09-01,153,0
2017-09-02,102,0
2017-09-03,123,0
2017-09-04,147,0
2017-09-05,151,0
2017-09-06,138,0
2017-09-07,97,1
2017-09-08,111,0
2017-09-09,103,0
2017-09-10,132,0
2017-09-11,176,0
2017-09-12,200,0
2017-09-13,203,0
2017-09-14,163,0
2017-09-15,144,0
2017-09-16,125,0
2017-09-17,125,0
2017-09-18,179,0
2017-09-19,149,0
2017-09-20,158,0
2017-09-21,144,0
2017-09-22,133,0
2017-09-23,81,0
2017-09-24,112,0
2017-09-25,129,0
2017-09-26,174,0
2017-09-27,144,0
2017-09-28,140,0
2017-09-29,109,0
2017-09-30,105,0
2017-10-01,124,0
2017-10-02,140,0
2017-10-03,193,0
2017-10-04,156,0
2017-10-05,138,0
2017-10-06,124,0
2017-10-07,100,0
2017-10-08,124,0
2017-10-09,187,0
2017-10-10,175,0
2017-10-11,151,0
2017-10-12,136,1
2017-10-13,150,0
2017-10-14,114,0
2017-10-15,117,0
2017-10-16,188,0
2017-10-17,195,0
2017-10-18,176,0
2017-10-19,172,0
2017-10-20,118,0
2017-10-21,104,0
2017-10-22,152,0
2017-10-23,152,0
2017-10-24,162,0
2017-10-25,152,0
2017-10-26,140,0
2017-10-27,130,0
2017-10-28,85,0
2017-10-29,129,0
2017-10-30,138,0
2017-10-31,156,0
2017-11-01,108,0
2017-11-02,117,1
2017-11-03,138,0
2017-11-04,106,0
2017-11-05,137,0
2017-11-06,182,0
2017-11-07,154,0
2017-11-08,169,0
2017-11-09,182,0
2017-11-10,159,0
2017-11-11,152,0
2017-11-12,170,0
2017-11-13,197,0
2017-11-14,184,0
2017-11-15,176,1
2017-11-16,219,0
2017-11-17,185,0
2017-11-18,141,0
2017-11-19,157,0
2017-11-20,219,0
2017-11-21,222,0
2017-11-22,190,0
2017-11-23,268,0
2017-11-24,1147,5
2017-11-25,487,0
2017-11-26,382,0
2017-11-27,395,1
2017-11-28,372,0
2017-11-29,314,0
2017-11-30,260,0
2017-12-01,267,0
2017-12-02,212,0
2017-12-03,227,0
2017-12-04,322,0
2017-12-05,269,0
2017-12-06,269,0
2017-12-07,223,0
2017-12-08,210,0
2017-12-09,154,0
2017-12-10,184,0
2017-12-11,262,0
2017-12-12,251,0
2017-12-13,215,0
2017-12-14,195,0
2017-12-15,185,0
2017-12-16,129,0
2017-12-17,130,0
2017-12-18,205,0
2017-12-19,173,0
2017-12-20,168,0
2017-12-21,140,0
2017-12-22,108,0
2017-12-23,101,0
2017-12-24,57,0
2017-12-25,86,1
2017-12-26,165,0
2017-12-27,164,0
2017-12-28,143,0
2017-12-29,132,0
2017-12-30,96,0
2017-12-31,71,0
2018-01-01,72,1
2018-01-02,200,0
2018-01-03,219,0
2018-01-04,248,0
2018-01-05,197,0
2018-01-06,213,0
2018-01-07,192,0
2018-01-08,287,0
2018-01-09,246,0
2018-01-10,271,0
2018-01-11,260,0
2018-01-12,234,0
2018-01-13,211,0
2018-01-14,229,0
2018-01-15,300,0
2018-01-16,296,0
2018-01-17,277,0
2018-01-18,236,0
2018-01-19,225,0
2018-01-20,182,0
2018-01-21,188,0
2018-01-22,305,0
2018-01-23,256,0
2018-01-24,236,0
2018-01-25,226,0
2018-01-26,223,0
2018-01-27,150,0
2018-01-28,149,0
2018-01-29,242,0
2018-01-30,248,0
2018-01-31,251,0
2018-02-01,227,0
2018-02-02,207,0
2018-02-03,189,0
2018-02-04,197,0
2018-02-05,265,0
2018-02-06,262,0
2018-02-07,242,0
2018-02-08,225,0
2018-02-09,208,0
2018-02-10,174,0
2018-02-11,165,0
2018-02-12,214,1
2018-02-13,217,1
2018-02-14,287,0
2018-02-15,270,0
2018-02-16,210,0
2018-02-17,198,0
2018-02-18,199,0
2018-02-19,251,0
2018-02-20,283,0
2018-02-21,260,0
2018-02-22,268,0
2018-02-23,232,0
2018-02-24,188,0
2018-02-25,231,0
2018-02-26,290,0
2018-02-27,293,0
2018-02-28,303,0
2018-03-01,268,0
2018-03-02,262,0
2018-03-03,205,0
2018-03-04,228,0
2018-03-05,252,0
2018-03-06,268,0
2018-03-07,254,0
2018-03-08,227,0
2018-03-09,197,0
2018-03-10,185,0
2018-03-11,215,0
2018-03-12,228,0
2018-03-13,217,0
2018-03-14,195,0
2018-03-15,272,0
2018-03-16,242,0
2018-03-17,176,0
2018-03-18,211,0
2018-03-19,293,0
2018-03-20,292,0
2018-03-21,277,0
2018-03-22,249,0
2018-03-23,209,0
2018-03-24,163,0
2018-03-25,188,0
2018-03-26,266,0
2018-03-27,239,0
2018-03-28,210,0
2018-03-29,188,0
2018-03-30,163,1
2018-03-31,164,0
2018-04-01,201,1
2018-04-02,274,0
2018-04-03,243,0
2018-04-04,252,0
2018-04-05,261,0
2018-04-06,181,0
2018-04-07,161,0
2018-04-08,183,0
2018-04-09,250,0
2018-04-10,196,0
2018-04-11,262,0
2018-04-12,253,0
2018-04-13,197,0
2018-04-14,145,0
2018-04-15,219,0
2018-04-16,276,0
2018-04-17,258,0
2018-04-18,271,0
2018-04-19,287,0
2018-04-20,192,0
2018-04-21,154,1
2018-04-22,199,0
2018-04-23,283,0
2018-04-24,265,0
2018-04-25,279,0
2018-04-26,250,0
2018-04-27,237,0
2018-04-28,166,0
2018-04-29,168,0
2018-04-30,235,0
2018-05-01,252,1
2018-05-02,287,0
2018-05-03,300,0
2018-05-04,262,0
2018-05-05,192,0
2018-05-06,206,0
2018-05-07,363,0
2018-05-08,323,0
2018-05-09,335,0
2018-05-10,273,0
2018-05-11,244,0
2018-05-12,200,0
2018-05-13,205,1
2018-05-14,355,0
2018-05-15,348,0
2018-05-16,351,0
2018-05-17,224,0
2018-05-18,232,0
2018-05-19,137,0
2018-05-20,158,0
2018-05-21,199,0
2018-05-22,195,0
2018-05-23,132,0
2018-05-24,113,0
2018-05-25,103,0
2018-05-26,99,0
2018-05-27,100,0
2018-05-28,142,0
2018-05-29,149,0
2018-05-30,138,0
2018-05-31,132,1
2018-06-01,184,0
2018-06-02,141,0
2018-06-03,189,0
2018-06-04,222,0
2018-06-05,196,0
2018-06-06,227,0
2018-06-07,223,0
2018-06-08,195,0
2018-06-09,169,0
2018-06-10,190,0
2018-06-11,294,0
2018-06-12,244,1
2018-06-13,253,0
2018-06-14,211,0
2018-06-15,182,0
2018-06-16,162,0
2018-06-17,151,0
2018-06-18,243,0
2018-06-19,228,0
2018-06-20,216,0
2018-06-21,232,0
2018-06-22,177,0
2018-06-23,149,0
2018-06-24,198,0
2018-06-25,238,0
2018-06-26,238,0
2018-06-27,214,0
2018-06-28,239,0
2018-06-29,171,0
2018-06-30,123,0
2018-07-01,159,0
2018-07-02,193,0
2018-07-03,214,0
2018-07-04,251,0
2018-07-05,193,0
2018-07-06,120,0
2018-07-07,89,0
2018-07-08,118,0
2018-07-09,146,1
2018-07-10,129,0
2018-07-11,123,0
2018-07-12,117,0
2018-07-13,167,0
2018-07-14,142,0
2018-07-15,148,0
2018-07-16,238,0
2018-07-17,216,0
2018-07-18,302,0
2018-07-19,249,0
2018-07-20,247,0
2018-07-21,184,0
2018-07-22,213,0
2018-07-23,298,0
2018-07-24,264,0
2018-07-25,264,0
2018-07-26,244,0
2018-07-27,186,0
2018-07-28,172,0
2018-07-29,182,0
2018-07-30,278,0
2018-07-31,313,0
2018-08-01,306,0
2018-08-02,292,0
2018-08-03,308,0
2018-08-04,236,0
2018-08-05,269,0
2018-08-06,363,0
2018-08-07,353,0
2018-08-08,310,0
2018-08-09,280,0
2018-08-10,249,0
2018-08-11,185,0
2018-08-12,191,0
2018-08-13,284,0
2018-08-14,311,0
2018-08-15,282,0
2018-08-16,316,0
2018-08-17,249,0
2018-08-18,193,0
2018-08-19,204,0
